"LOCATION","INDICATOR","SUBJECT","MEASURE","FREQUENCY","TIME","Value","Flag Codes"
"NZL","CCI","AMPLITUD","LTRENDIDX","M","1988-06",97.82806,
"NZL","CCI","AMPLITUD","LTRENDIDX","M","1988-07",98.08096,
"NZL","CCI","AMPLITUD","LTRENDIDX","M","1988-08",98.31213,
"NZL","CCI","AMPLITUD","LTRENDIDX","M","1988-09",98.48027,
"NZL","CCI","AMPLITUD","LTRENDIDX","M","1988-10",98.54838,
"NZL","CCI","AMPLITUD","LTRENDIDX","M","1988-11",98.57066,
"NZL","CCI","AMPLITUD","LTRENDIDX","M","1988-12",98.61226,
"NZL","CCI","AMPLITUD","LTRENDIDX","M","1989-01",98.71481,
"NZL","CCI","AMPLITUD","LTRENDIDX","M","1989-02",98.84274,
"NZL","CCI","AMPLITUD","LTRENDIDX","M","1989-03",98.94667,
"NZL","CCI","AMPLITUD","LTRENDIDX","M","1989-04",99.0015,
"NZL","CCI","AMPLITUD","LTRENDIDX","M","1989-05",99.06841,
"NZL","CCI","AMPLITUD","LTRENDIDX","M","1989-06",99.24006,
"NZL","CCI","AMPLITUD","LTRENDIDX","M","1989-07",99.5737,
"NZL","CCI","AMPLITUD","LTRENDIDX","M","1989-08",99.91946,
"NZL","CCI","AMPLITUD","LTRENDIDX","M","1989-09",100.0523,
"NZL","CCI","AMPLITUD","LTRENDIDX","M","1989-10",99.79181,
"NZL","CCI","AMPLITUD","LTRENDIDX","M","1989-11",99.33486,
"NZL","CCI","AMPLITUD","LTRENDIDX","M","1989-12",98.93321,
"NZL","CCI","AMPLITUD","LTRENDIDX","M","1990-01",98.76749,
"NZL","CCI","AMPLITUD","LTRENDIDX","M","1990-02",98.76585,
"NZL","CCI","AMPLITUD","LTRENDIDX","M","1990-03",98.83049,
"NZL","CCI","AMPLITUD","LTRENDIDX","M","1990-04",98.89997,
"NZL","CCI","AMPLITUD","LTRENDIDX","M","1990-05",98.9453,
"NZL","CCI","AMPLITUD","LTRENDIDX","M","1990-06",98.93687,
"NZL","CCI","AMPLITUD","LTRENDIDX","M","1990-07",98.83562,
"NZL","CCI","AMPLITUD","LTRENDIDX","M","1990-08",98.63786,
"NZL","CCI","AMPLITUD","LTRENDIDX","M","1990-09",98.30645,
"NZL","CCI","AMPLITUD","LTRENDIDX","M","1990-10",97.79865,
"NZL","CCI","AMPLITUD","LTRENDIDX","M","1990-11",97.22738,
"NZL","CCI","AMPLITUD","LTRENDIDX","M","1990-12",96.74162,
"NZL","CCI","AMPLITUD","LTRENDIDX","M","1991-01",96.47013,
"NZL","CCI","AMPLITUD","LTRENDIDX","M","1991-02",96.37982,
"NZL","CCI","AMPLITUD","LTRENDIDX","M","1991-03",96.45808,
"NZL","CCI","AMPLITUD","LTRENDIDX","M","1991-04",96.71408,
"NZL","CCI","AMPLITUD","LTRENDIDX","M","1991-05",97.01144,
"NZL","CCI","AMPLITUD","LTRENDIDX","M","1991-06",97.18467,
"NZL","CCI","AMPLITUD","LTRENDIDX","M","1991-07",97.11423,
"NZL","CCI","AMPLITUD","LTRENDIDX","M","1991-08",96.92577,
"NZL","CCI","AMPLITUD","LTRENDIDX","M","1991-09",96.79339,
"NZL","CCI","AMPLITUD","LTRENDIDX","M","1991-10",96.8609,
"NZL","CCI","AMPLITUD","LTRENDIDX","M","1991-11",97.10701,
"NZL","CCI","AMPLITUD","LTRENDIDX","M","1991-12",97.52474,
"NZL","CCI","AMPLITUD","LTRENDIDX","M","1992-01",98.12231,
"NZL","CCI","AMPLITUD","LTRENDIDX","M","1992-02",98.75233,
"NZL","CCI","AMPLITUD","LTRENDIDX","M","1992-03",99.22668,
"NZL","CCI","AMPLITUD","LTRENDIDX","M","1992-04",99.39909,
"NZL","CCI","AMPLITUD","LTRENDIDX","M","1992-05",99.40318,
"NZL","CCI","AMPLITUD","LTRENDIDX","M","1992-06",99.39917,
"NZL","CCI","AMPLITUD","LTRENDIDX","M","1992-07",99.48876,
"NZL","CCI","AMPLITUD","LTRENDIDX","M","1992-08",99.63824,
"NZL","CCI","AMPLITUD","LTRENDIDX","M","1992-09",99.78313,
"NZL","CCI","AMPLITUD","LTRENDIDX","M","1992-10",99.87313,
"NZL","CCI","AMPLITUD","LTRENDIDX","M","1992-11",99.92143,
"NZL","CCI","AMPLITUD","LTRENDIDX","M","1992-12",99.95123,
"NZL","CCI","AMPLITUD","LTRENDIDX","M","1993-01",99.9838,
"NZL","CCI","AMPLITUD","LTRENDIDX","M","1993-02",100.0452,
"NZL","CCI","AMPLITUD","LTRENDIDX","M","1993-03",100.1782,
"NZL","CCI","AMPLITUD","LTRENDIDX","M","1993-04",100.4254,
"NZL","CCI","AMPLITUD","LTRENDIDX","M","1993-05",100.7407,
"NZL","CCI","AMPLITUD","LTRENDIDX","M","1993-06",101.0743,
"NZL","CCI","AMPLITUD","LTRENDIDX","M","1993-07",101.389,
"NZL","CCI","AMPLITUD","LTRENDIDX","M","1993-08",101.6587,
"NZL","CCI","AMPLITUD","LTRENDIDX","M","1993-09",101.8415,
"NZL","CCI","AMPLITUD","LTRENDIDX","M","1993-10",101.8967,
"NZL","CCI","AMPLITUD","LTRENDIDX","M","1993-11",101.8902,
"NZL","CCI","AMPLITUD","LTRENDIDX","M","1993-12",101.8983,
"NZL","CCI","AMPLITUD","LTRENDIDX","M","1994-01",101.9737,
"NZL","CCI","AMPLITUD","LTRENDIDX","M","1994-02",102.0974,
"NZL","CCI","AMPLITUD","LTRENDIDX","M","1994-03",102.2403,
"NZL","CCI","AMPLITUD","LTRENDIDX","M","1994-04",102.3778,
"NZL","CCI","AMPLITUD","LTRENDIDX","M","1994-05",102.484,
"NZL","CCI","AMPLITUD","LTRENDIDX","M","1994-06",102.5161,
"NZL","CCI","AMPLITUD","LTRENDIDX","M","1994-07",102.4292,
"NZL","CCI","AMPLITUD","LTRENDIDX","M","1994-08",102.2661,
"NZL","CCI","AMPLITUD","LTRENDIDX","M","1994-09",102.0655,
"NZL","CCI","AMPLITUD","LTRENDIDX","M","1994-10",101.8475,
"NZL","CCI","AMPLITUD","LTRENDIDX","M","1994-11",101.6361,
"NZL","CCI","AMPLITUD","LTRENDIDX","M","1994-12",101.462,
"NZL","CCI","AMPLITUD","LTRENDIDX","M","1995-01",101.3603,
"NZL","CCI","AMPLITUD","LTRENDIDX","M","1995-02",101.3292,
"NZL","CCI","AMPLITUD","LTRENDIDX","M","1995-03",101.388,
"NZL","CCI","AMPLITUD","LTRENDIDX","M","1995-04",101.563,
"NZL","CCI","AMPLITUD","LTRENDIDX","M","1995-05",101.7845,
"NZL","CCI","AMPLITUD","LTRENDIDX","M","1995-06",101.9667,
"NZL","CCI","AMPLITUD","LTRENDIDX","M","1995-07",102.0416,
"NZL","CCI","AMPLITUD","LTRENDIDX","M","1995-08",102.0312,
"NZL","CCI","AMPLITUD","LTRENDIDX","M","1995-09",101.9568,
"NZL","CCI","AMPLITUD","LTRENDIDX","M","1995-10",101.8332,
"NZL","CCI","AMPLITUD","LTRENDIDX","M","1995-11",101.727,
"NZL","CCI","AMPLITUD","LTRENDIDX","M","1995-12",101.7219,
"NZL","CCI","AMPLITUD","LTRENDIDX","M","1996-01",101.8674,
"NZL","CCI","AMPLITUD","LTRENDIDX","M","1996-02",102.0259,
"NZL","CCI","AMPLITUD","LTRENDIDX","M","1996-03",101.9983,
"NZL","CCI","AMPLITUD","LTRENDIDX","M","1996-04",101.637,
"NZL","CCI","AMPLITUD","LTRENDIDX","M","1996-05",101.1447,
"NZL","CCI","AMPLITUD","LTRENDIDX","M","1996-06",100.8001,
"NZL","CCI","AMPLITUD","LTRENDIDX","M","1996-07",100.8141,
"NZL","CCI","AMPLITUD","LTRENDIDX","M","1996-08",101.0399,
"NZL","CCI","AMPLITUD","LTRENDIDX","M","1996-09",101.2858,
"NZL","CCI","AMPLITUD","LTRENDIDX","M","1996-10",101.4179,
"NZL","CCI","AMPLITUD","LTRENDIDX","M","1996-11",101.4422,
"NZL","CCI","AMPLITUD","LTRENDIDX","M","1996-12",101.3721,
"NZL","CCI","AMPLITUD","LTRENDIDX","M","1997-01",101.2046,
"NZL","CCI","AMPLITUD","LTRENDIDX","M","1997-02",100.9896,
"NZL","CCI","AMPLITUD","LTRENDIDX","M","1997-03",100.7716,
"NZL","CCI","AMPLITUD","LTRENDIDX","M","1997-04",100.5777,
"NZL","CCI","AMPLITUD","LTRENDIDX","M","1997-05",100.4083,
"NZL","CCI","AMPLITUD","LTRENDIDX","M","1997-06",100.2661,
"NZL","CCI","AMPLITUD","LTRENDIDX","M","1997-07",100.1585,
"NZL","CCI","AMPLITUD","LTRENDIDX","M","1997-08",100.0743,
"NZL","CCI","AMPLITUD","LTRENDIDX","M","1997-09",100.0064,
"NZL","CCI","AMPLITUD","LTRENDIDX","M","1997-10",99.95078,
"NZL","CCI","AMPLITUD","LTRENDIDX","M","1997-11",99.88951,
"NZL","CCI","AMPLITUD","LTRENDIDX","M","1997-12",99.79358,
"NZL","CCI","AMPLITUD","LTRENDIDX","M","1998-01",99.63166,
"NZL","CCI","AMPLITUD","LTRENDIDX","M","1998-02",99.4134,
"NZL","CCI","AMPLITUD","LTRENDIDX","M","1998-03",99.14076,
"NZL","CCI","AMPLITUD","LTRENDIDX","M","1998-04",98.81585,
"NZL","CCI","AMPLITUD","LTRENDIDX","M","1998-05",98.503,
"NZL","CCI","AMPLITUD","LTRENDIDX","M","1998-06",98.30147,
"NZL","CCI","AMPLITUD","LTRENDIDX","M","1998-07",98.30614,
"NZL","CCI","AMPLITUD","LTRENDIDX","M","1998-08",98.45683,
"NZL","CCI","AMPLITUD","LTRENDIDX","M","1998-09",98.70767,
"NZL","CCI","AMPLITUD","LTRENDIDX","M","1998-10",99.05054,
"NZL","CCI","AMPLITUD","LTRENDIDX","M","1998-11",99.43823,
"NZL","CCI","AMPLITUD","LTRENDIDX","M","1998-12",99.83029,
"NZL","CCI","AMPLITUD","LTRENDIDX","M","1999-01",100.1939,
"NZL","CCI","AMPLITUD","LTRENDIDX","M","1999-02",100.5006,
"NZL","CCI","AMPLITUD","LTRENDIDX","M","1999-03",100.6942,
"NZL","CCI","AMPLITUD","LTRENDIDX","M","1999-04",100.7168,
"NZL","CCI","AMPLITUD","LTRENDIDX","M","1999-05",100.6463,
"NZL","CCI","AMPLITUD","LTRENDIDX","M","1999-06",100.5692,
"NZL","CCI","AMPLITUD","LTRENDIDX","M","1999-07",100.5454,
"NZL","CCI","AMPLITUD","LTRENDIDX","M","1999-08",100.5803,
"NZL","CCI","AMPLITUD","LTRENDIDX","M","1999-09",100.685,
"NZL","CCI","AMPLITUD","LTRENDIDX","M","1999-10",100.8777,
"NZL","CCI","AMPLITUD","LTRENDIDX","M","1999-11",101.1156,
"NZL","CCI","AMPLITUD","LTRENDIDX","M","1999-12",101.3452,
"NZL","CCI","AMPLITUD","LTRENDIDX","M","2000-01",101.5068,
"NZL","CCI","AMPLITUD","LTRENDIDX","M","2000-02",101.5485,
"NZL","CCI","AMPLITUD","LTRENDIDX","M","2000-03",101.3609,
"NZL","CCI","AMPLITUD","LTRENDIDX","M","2000-04",100.8335,
"NZL","CCI","AMPLITUD","LTRENDIDX","M","2000-05",100.1388,
"NZL","CCI","AMPLITUD","LTRENDIDX","M","2000-06",99.48677,
"NZL","CCI","AMPLITUD","LTRENDIDX","M","2000-07",99.04641,
"NZL","CCI","AMPLITUD","LTRENDIDX","M","2000-08",98.82425,
"NZL","CCI","AMPLITUD","LTRENDIDX","M","2000-09",98.8701,
"NZL","CCI","AMPLITUD","LTRENDIDX","M","2000-10",99.26437,
"NZL","CCI","AMPLITUD","LTRENDIDX","M","2000-11",99.83742,
"NZL","CCI","AMPLITUD","LTRENDIDX","M","2000-12",100.4108,
"NZL","CCI","AMPLITUD","LTRENDIDX","M","2001-01",100.8599,
"NZL","CCI","AMPLITUD","LTRENDIDX","M","2001-02",101.1762,
"NZL","CCI","AMPLITUD","LTRENDIDX","M","2001-03",101.3335,
"NZL","CCI","AMPLITUD","LTRENDIDX","M","2001-04",101.288,
"NZL","CCI","AMPLITUD","LTRENDIDX","M","2001-05",101.1363,
"NZL","CCI","AMPLITUD","LTRENDIDX","M","2001-06",100.9749,
"NZL","CCI","AMPLITUD","LTRENDIDX","M","2001-07",100.8658,
"NZL","CCI","AMPLITUD","LTRENDIDX","M","2001-08",100.8112,
"NZL","CCI","AMPLITUD","LTRENDIDX","M","2001-09",100.8146,
"NZL","CCI","AMPLITUD","LTRENDIDX","M","2001-10",100.8863,
"NZL","CCI","AMPLITUD","LTRENDIDX","M","2001-11",100.9917,
"NZL","CCI","AMPLITUD","LTRENDIDX","M","2001-12",101.0972,
"NZL","CCI","AMPLITUD","LTRENDIDX","M","2002-01",101.1818,
"NZL","CCI","AMPLITUD","LTRENDIDX","M","2002-02",101.249,
"NZL","CCI","AMPLITUD","LTRENDIDX","M","2002-03",101.3035,
"NZL","CCI","AMPLITUD","LTRENDIDX","M","2002-04",101.344,
"NZL","CCI","AMPLITUD","LTRENDIDX","M","2002-05",101.3699,
"NZL","CCI","AMPLITUD","LTRENDIDX","M","2002-06",101.373,
"NZL","CCI","AMPLITUD","LTRENDIDX","M","2002-07",101.3441,
"NZL","CCI","AMPLITUD","LTRENDIDX","M","2002-08",101.3022,
"NZL","CCI","AMPLITUD","LTRENDIDX","M","2002-09",101.2667,
"NZL","CCI","AMPLITUD","LTRENDIDX","M","2002-10",101.2427,
"NZL","CCI","AMPLITUD","LTRENDIDX","M","2002-11",101.1995,
"NZL","CCI","AMPLITUD","LTRENDIDX","M","2002-12",101.087,
"NZL","CCI","AMPLITUD","LTRENDIDX","M","2003-01",100.8708,
"NZL","CCI","AMPLITUD","LTRENDIDX","M","2003-02",100.6361,
"NZL","CCI","AMPLITUD","LTRENDIDX","M","2003-03",100.5087,
"NZL","CCI","AMPLITUD","LTRENDIDX","M","2003-04",100.5941,
"NZL","CCI","AMPLITUD","LTRENDIDX","M","2003-05",100.8096,
"NZL","CCI","AMPLITUD","LTRENDIDX","M","2003-06",101.0614,
"NZL","CCI","AMPLITUD","LTRENDIDX","M","2003-07",101.2933,
"NZL","CCI","AMPLITUD","LTRENDIDX","M","2003-08",101.4969,
"NZL","CCI","AMPLITUD","LTRENDIDX","M","2003-09",101.6708,
"NZL","CCI","AMPLITUD","LTRENDIDX","M","2003-10",101.8072,
"NZL","CCI","AMPLITUD","LTRENDIDX","M","2003-11",101.9075,
"NZL","CCI","AMPLITUD","LTRENDIDX","M","2003-12",101.9564,
"NZL","CCI","AMPLITUD","LTRENDIDX","M","2004-01",101.9296,
"NZL","CCI","AMPLITUD","LTRENDIDX","M","2004-02",101.8554,
"NZL","CCI","AMPLITUD","LTRENDIDX","M","2004-03",101.7597,
"NZL","CCI","AMPLITUD","LTRENDIDX","M","2004-04",101.6595,
"NZL","CCI","AMPLITUD","LTRENDIDX","M","2004-05",101.5778,
"NZL","CCI","AMPLITUD","LTRENDIDX","M","2004-06",101.5506,
"NZL","CCI","AMPLITUD","LTRENDIDX","M","2004-07",101.6151,
"NZL","CCI","AMPLITUD","LTRENDIDX","M","2004-08",101.7447,
"NZL","CCI","AMPLITUD","LTRENDIDX","M","2004-09",101.9169,
"NZL","CCI","AMPLITUD","LTRENDIDX","M","2004-10",102.1184,
"NZL","CCI","AMPLITUD","LTRENDIDX","M","2004-11",102.3057,
"NZL","CCI","AMPLITUD","LTRENDIDX","M","2004-12",102.4147,
"NZL","CCI","AMPLITUD","LTRENDIDX","M","2005-01",102.3834,
"NZL","CCI","AMPLITUD","LTRENDIDX","M","2005-02",102.2537,
"NZL","CCI","AMPLITUD","LTRENDIDX","M","2005-03",102.0613,
"NZL","CCI","AMPLITUD","LTRENDIDX","M","2005-04",101.8228,
"NZL","CCI","AMPLITUD","LTRENDIDX","M","2005-05",101.5876,
"NZL","CCI","AMPLITUD","LTRENDIDX","M","2005-06",101.4121,
"NZL","CCI","AMPLITUD","LTRENDIDX","M","2005-07",101.3327,
"NZL","CCI","AMPLITUD","LTRENDIDX","M","2005-08",101.2773,
"NZL","CCI","AMPLITUD","LTRENDIDX","M","2005-09",101.1456,
"NZL","CCI","AMPLITUD","LTRENDIDX","M","2005-10",100.8637,
"NZL","CCI","AMPLITUD","LTRENDIDX","M","2005-11",100.5164,
"NZL","CCI","AMPLITUD","LTRENDIDX","M","2005-12",100.2198,
"NZL","CCI","AMPLITUD","LTRENDIDX","M","2006-01",100.0597,
"NZL","CCI","AMPLITUD","LTRENDIDX","M","2006-02",99.97997,
"NZL","CCI","AMPLITUD","LTRENDIDX","M","2006-03",99.90948,
"NZL","CCI","AMPLITUD","LTRENDIDX","M","2006-04",99.80988,
"NZL","CCI","AMPLITUD","LTRENDIDX","M","2006-05",99.71363,
"NZL","CCI","AMPLITUD","LTRENDIDX","M","2006-06",99.68996,
"NZL","CCI","AMPLITUD","LTRENDIDX","M","2006-07",99.80757,
"NZL","CCI","AMPLITUD","LTRENDIDX","M","2006-08",100.0247,
"NZL","CCI","AMPLITUD","LTRENDIDX","M","2006-09",100.3021,
"NZL","CCI","AMPLITUD","LTRENDIDX","M","2006-10",100.6172,
"NZL","CCI","AMPLITUD","LTRENDIDX","M","2006-11",100.9167,
"NZL","CCI","AMPLITUD","LTRENDIDX","M","2006-12",101.1258,
"NZL","CCI","AMPLITUD","LTRENDIDX","M","2007-01",101.1726,
"NZL","CCI","AMPLITUD","LTRENDIDX","M","2007-02",101.1026,
"NZL","CCI","AMPLITUD","LTRENDIDX","M","2007-03",100.9509,
"NZL","CCI","AMPLITUD","LTRENDIDX","M","2007-04",100.7317,
"NZL","CCI","AMPLITUD","LTRENDIDX","M","2007-05",100.5085,
"NZL","CCI","AMPLITUD","LTRENDIDX","M","2007-06",100.3585,
"NZL","CCI","AMPLITUD","LTRENDIDX","M","2007-07",100.3408,
"NZL","CCI","AMPLITUD","LTRENDIDX","M","2007-08",100.3913,
"NZL","CCI","AMPLITUD","LTRENDIDX","M","2007-09",100.4254,
"NZL","CCI","AMPLITUD","LTRENDIDX","M","2007-10",100.3726,
"NZL","CCI","AMPLITUD","LTRENDIDX","M","2007-11",100.2272,
"NZL","CCI","AMPLITUD","LTRENDIDX","M","2007-12",99.95966,
"NZL","CCI","AMPLITUD","LTRENDIDX","M","2008-01",99.52024,
"NZL","CCI","AMPLITUD","LTRENDIDX","M","2008-02",98.96475,
"NZL","CCI","AMPLITUD","LTRENDIDX","M","2008-03",98.34759,
"NZL","CCI","AMPLITUD","LTRENDIDX","M","2008-04",97.73061,
"NZL","CCI","AMPLITUD","LTRENDIDX","M","2008-05",97.2538,
"NZL","CCI","AMPLITUD","LTRENDIDX","M","2008-06",97.15314,
"NZL","CCI","AMPLITUD","LTRENDIDX","M","2008-07",97.63826,
"NZL","CCI","AMPLITUD","LTRENDIDX","M","2008-08",98.39391,
"NZL","CCI","AMPLITUD","LTRENDIDX","M","2008-09",99.03004,
"NZL","CCI","AMPLITUD","LTRENDIDX","M","2008-10",99.26127,
"NZL","CCI","AMPLITUD","LTRENDIDX","M","2008-11",99.20594,
"NZL","CCI","AMPLITUD","LTRENDIDX","M","2008-12",99.01319,
"NZL","CCI","AMPLITUD","LTRENDIDX","M","2009-01",98.77657,
"NZL","CCI","AMPLITUD","LTRENDIDX","M","2009-02",98.58513,
"NZL","CCI","AMPLITUD","LTRENDIDX","M","2009-03",98.54548,
"NZL","CCI","AMPLITUD","LTRENDIDX","M","2009-04",98.75866,
"NZL","CCI","AMPLITUD","LTRENDIDX","M","2009-05",99.14523,
"NZL","CCI","AMPLITUD","LTRENDIDX","M","2009-06",99.63692,
"NZL","CCI","AMPLITUD","LTRENDIDX","M","2009-07",100.1949,
"NZL","CCI","AMPLITUD","LTRENDIDX","M","2009-08",100.7229,
"NZL","CCI","AMPLITUD","LTRENDIDX","M","2009-09",101.0883,
"NZL","CCI","AMPLITUD","LTRENDIDX","M","2009-10",101.1725,
"NZL","CCI","AMPLITUD","LTRENDIDX","M","2009-11",101.0851,
"NZL","CCI","AMPLITUD","LTRENDIDX","M","2009-12",100.9416,
"NZL","CCI","AMPLITUD","LTRENDIDX","M","2010-01",100.8135,
"NZL","CCI","AMPLITUD","LTRENDIDX","M","2010-02",100.734,
"NZL","CCI","AMPLITUD","LTRENDIDX","M","2010-03",100.7369,
"NZL","CCI","AMPLITUD","LTRENDIDX","M","2010-04",100.8471,
"NZL","CCI","AMPLITUD","LTRENDIDX","M","2010-05",100.9887,
"NZL","CCI","AMPLITUD","LTRENDIDX","M","2010-06",101.0611,
"NZL","CCI","AMPLITUD","LTRENDIDX","M","2010-07",100.9831,
"NZL","CCI","AMPLITUD","LTRENDIDX","M","2010-08",100.8077,
"NZL","CCI","AMPLITUD","LTRENDIDX","M","2010-09",100.5887,
"NZL","CCI","AMPLITUD","LTRENDIDX","M","2010-10",100.3459,
"NZL","CCI","AMPLITUD","LTRENDIDX","M","2010-11",100.0737,
"NZL","CCI","AMPLITUD","LTRENDIDX","M","2010-12",99.74912,
"NZL","CCI","AMPLITUD","LTRENDIDX","M","2011-01",99.36884,
"NZL","CCI","AMPLITUD","LTRENDIDX","M","2011-02",99.03937,
"NZL","CCI","AMPLITUD","LTRENDIDX","M","2011-03",98.93617,
"NZL","CCI","AMPLITUD","LTRENDIDX","M","2011-04",99.21212,
"NZL","CCI","AMPLITUD","LTRENDIDX","M","2011-05",99.67966,
"NZL","CCI","AMPLITUD","LTRENDIDX","M","2011-06",100.1057,
"NZL","CCI","AMPLITUD","LTRENDIDX","M","2011-07",100.3147,
"NZL","CCI","AMPLITUD","LTRENDIDX","M","2011-08",100.334,
"NZL","CCI","AMPLITUD","LTRENDIDX","M","2011-09",100.184,
"NZL","CCI","AMPLITUD","LTRENDIDX","M","2011-10",99.85949,
"NZL","CCI","AMPLITUD","LTRENDIDX","M","2011-11",99.47931,
"NZL","CCI","AMPLITUD","LTRENDIDX","M","2011-12",99.17788,
"NZL","CCI","AMPLITUD","LTRENDIDX","M","2012-01",99.05215,
"NZL","CCI","AMPLITUD","LTRENDIDX","M","2012-02",99.02988,
"NZL","CCI","AMPLITUD","LTRENDIDX","M","2012-03",99.02365,
"NZL","CCI","AMPLITUD","LTRENDIDX","M","2012-04",98.98158,
"NZL","CCI","AMPLITUD","LTRENDIDX","M","2012-05",98.92179,
"NZL","CCI","AMPLITUD","LTRENDIDX","M","2012-06",98.8895,
"NZL","CCI","AMPLITUD","LTRENDIDX","M","2012-07",98.93184,
"NZL","CCI","AMPLITUD","LTRENDIDX","M","2012-08",99.04504,
"NZL","CCI","AMPLITUD","LTRENDIDX","M","2012-09",99.23743,
"NZL","CCI","AMPLITUD","LTRENDIDX","M","2012-10",99.52147,
"NZL","CCI","AMPLITUD","LTRENDIDX","M","2012-11",99.82661,
"NZL","CCI","AMPLITUD","LTRENDIDX","M","2012-12",100.0634,
"NZL","CCI","AMPLITUD","LTRENDIDX","M","2013-01",100.1665,
"NZL","CCI","AMPLITUD","LTRENDIDX","M","2013-02",100.2061,
"NZL","CCI","AMPLITUD","LTRENDIDX","M","2013-03",100.2724,
"NZL","CCI","AMPLITUD","LTRENDIDX","M","2013-04",100.4246,
"NZL","CCI","AMPLITUD","LTRENDIDX","M","2013-05",100.6114,
"NZL","CCI","AMPLITUD","LTRENDIDX","M","2013-06",100.7544,
"NZL","CCI","AMPLITUD","LTRENDIDX","M","2013-07",100.7958,
"NZL","CCI","AMPLITUD","LTRENDIDX","M","2013-08",100.7904,
"NZL","CCI","AMPLITUD","LTRENDIDX","M","2013-09",100.8153,
"NZL","CCI","AMPLITUD","LTRENDIDX","M","2013-10",100.9271,
"NZL","CCI","AMPLITUD","LTRENDIDX","M","2013-11",101.0883,
"NZL","CCI","AMPLITUD","LTRENDIDX","M","2013-12",101.2452,
"NZL","CCI","AMPLITUD","LTRENDIDX","M","2014-01",101.3579,
"NZL","CCI","AMPLITUD","LTRENDIDX","M","2014-02",101.4331,
"NZL","CCI","AMPLITUD","LTRENDIDX","M","2014-03",101.4763,
"NZL","CCI","AMPLITUD","LTRENDIDX","M","2014-04",101.4811,
"NZL","CCI","AMPLITUD","LTRENDIDX","M","2014-05",101.4513,
"NZL","CCI","AMPLITUD","LTRENDIDX","M","2014-06",101.3754,
"NZL","CCI","AMPLITUD","LTRENDIDX","M","2014-07",101.2366,
"NZL","CCI","AMPLITUD","LTRENDIDX","M","2014-08",101.0679,
"NZL","CCI","AMPLITUD","LTRENDIDX","M","2014-09",100.9091,
"NZL","CCI","AMPLITUD","LTRENDIDX","M","2014-10",100.7935,
"NZL","CCI","AMPLITUD","LTRENDIDX","M","2014-11",100.724,
"NZL","CCI","AMPLITUD","LTRENDIDX","M","2014-12",100.7123,
"NZL","CCI","AMPLITUD","LTRENDIDX","M","2015-01",100.7713,
"NZL","CCI","AMPLITUD","LTRENDIDX","M","2015-02",100.8496,
"NZL","CCI","AMPLITUD","LTRENDIDX","M","2015-03",100.878,
"NZL","CCI","AMPLITUD","LTRENDIDX","M","2015-04",100.7966,
"NZL","CCI","AMPLITUD","LTRENDIDX","M","2015-05",100.6315,
"NZL","CCI","AMPLITUD","LTRENDIDX","M","2015-06",100.406,
"NZL","CCI","AMPLITUD","LTRENDIDX","M","2015-07",100.136,
"NZL","CCI","AMPLITUD","LTRENDIDX","M","2015-08",99.88534,
"NZL","CCI","AMPLITUD","LTRENDIDX","M","2015-09",99.74418,
"NZL","CCI","AMPLITUD","LTRENDIDX","M","2015-10",99.78838,
"NZL","CCI","AMPLITUD","LTRENDIDX","M","2015-11",99.92911,
"NZL","CCI","AMPLITUD","LTRENDIDX","M","2015-12",100.0589,
"NZL","CCI","AMPLITUD","LTRENDIDX","M","2016-01",100.1011,
"NZL","CCI","AMPLITUD","LTRENDIDX","M","2016-02",100.0707,
"NZL","CCI","AMPLITUD","LTRENDIDX","M","2016-03",99.98717,
"NZL","CCI","AMPLITUD","LTRENDIDX","M","2016-04",99.8605,
"NZL","CCI","AMPLITUD","LTRENDIDX","M","2016-05",99.73028,
"NZL","CCI","AMPLITUD","LTRENDIDX","M","2016-06",99.6465,
"NZL","CCI","AMPLITUD","LTRENDIDX","M","2016-07",99.65413,
"NZL","CCI","AMPLITUD","LTRENDIDX","M","2016-08",99.73112,
"NZL","CCI","AMPLITUD","LTRENDIDX","M","2016-09",99.86176,
"NZL","CCI","AMPLITUD","LTRENDIDX","M","2016-10",100.0406,
"NZL","CCI","AMPLITUD","LTRENDIDX","M","2016-11",100.2228,
"NZL","CCI","AMPLITUD","LTRENDIDX","M","2016-12",100.352,
"NZL","CCI","AMPLITUD","LTRENDIDX","M","2017-01",100.3839,
"NZL","CCI","AMPLITUD","LTRENDIDX","M","2017-02",100.3644,
"NZL","CCI","AMPLITUD","LTRENDIDX","M","2017-03",100.3485,
"NZL","CCI","AMPLITUD","LTRENDIDX","M","2017-04",100.3714,
"NZL","CCI","AMPLITUD","LTRENDIDX","M","2017-05",100.416,
"NZL","CCI","AMPLITUD","LTRENDIDX","M","2017-06",100.4504,
"NZL","CCI","AMPLITUD","LTRENDIDX","M","2017-07",100.4443,
"NZL","CCI","AMPLITUD","LTRENDIDX","M","2017-08",100.3951,
"NZL","CCI","AMPLITUD","LTRENDIDX","M","2017-09",100.2936,
"NZL","CCI","AMPLITUD","LTRENDIDX","M","2017-10",100.1329,
"NZL","CCI","AMPLITUD","LTRENDIDX","M","2017-11",99.96918,
"NZL","CCI","AMPLITUD","LTRENDIDX","M","2017-12",99.88002,
"NZL","CCI","AMPLITUD","LTRENDIDX","M","2018-01",99.92577,
"NZL","CCI","AMPLITUD","LTRENDIDX","M","2018-02",100.0363,
"NZL","CCI","AMPLITUD","LTRENDIDX","M","2018-03",100.119,
"NZL","CCI","AMPLITUD","LTRENDIDX","M","2018-04",100.1021,
"NZL","CCI","AMPLITUD","LTRENDIDX","M","2018-05",100.0062,
"NZL","CCI","AMPLITUD","LTRENDIDX","M","2018-06",99.85518,
"NZL","CCI","AMPLITUD","LTRENDIDX","M","2018-07",99.66734,
"NZL","CCI","AMPLITUD","LTRENDIDX","M","2018-08",99.50108,
"NZL","CCI","AMPLITUD","LTRENDIDX","M","2018-09",99.43624,
"NZL","CCI","AMPLITUD","LTRENDIDX","M","2018-10",99.53388,
"NZL","CCI","AMPLITUD","LTRENDIDX","M","2018-11",99.69471,
"NZL","CCI","AMPLITUD","LTRENDIDX","M","2018-12",99.78814,
"NZL","CCI","AMPLITUD","LTRENDIDX","M","2019-01",99.71812,
"NZL","CCI","AMPLITUD","LTRENDIDX","M","2019-02",99.55644,
"NZL","CCI","AMPLITUD","LTRENDIDX","M","2019-03",99.39823,
"NZL","CCI","AMPLITUD","LTRENDIDX","M","2019-04",99.309,
"NZL","CCI","AMPLITUD","LTRENDIDX","M","2019-05",99.26835,
"NZL","CCI","AMPLITUD","LTRENDIDX","M","2019-06",99.24703,
"NZL","CCI","AMPLITUD","LTRENDIDX","M","2019-07",99.2355,
"NZL","CCI","AMPLITUD","LTRENDIDX","M","2019-08",99.25298,
"NZL","CCI","AMPLITUD","LTRENDIDX","M","2019-09",99.34293,
"NZL","CCI","AMPLITUD","LTRENDIDX","M","2019-10",99.53928,
"NZL","CCI","AMPLITUD","LTRENDIDX","M","2019-11",99.76035,
"NZL","CCI","AMPLITUD","LTRENDIDX","M","2019-12",99.88773,
"NZL","CCI","AMPLITUD","LTRENDIDX","M","2020-01",99.82052,
"NZL","CCI","AMPLITUD","LTRENDIDX","M","2020-02",99.62326,
"NZL","CCI","AMPLITUD","LTRENDIDX","M","2020-03",99.36231,
"NZL","CCI","AMPLITUD","LTRENDIDX","M","2020-04",99.07245,
"NZL","CCI","AMPLITUD","LTRENDIDX","M","2020-05",98.78699,
"NZL","CCI","AMPLITUD","LTRENDIDX","M","2020-06",98.54433,
"NZL","CCI","AMPLITUD","LTRENDIDX","M","2020-07",98.38996,
"NZL","CCI","AMPLITUD","LTRENDIDX","M","2020-08",98.33582,
"NZL","CCI","AMPLITUD","LTRENDIDX","M","2020-09",98.42959,
"NZL","CCI","AMPLITUD","LTRENDIDX","M","2020-10",98.72388,
"NZL","CCI","AMPLITUD","LTRENDIDX","M","2020-11",99.09738,
"NZL","CCI","AMPLITUD","LTRENDIDX","M","2020-12",99.40191,
"NZL","CCI","AMPLITUD","LTRENDIDX","M","2021-01",99.53009,
"NZL","CCI","AMPLITUD","LTRENDIDX","M","2021-02",99.55214,
"NZL","CCI","AMPLITUD","LTRENDIDX","M","2021-03",99.55528,
"NZL","CCI","AMPLITUD","LTRENDIDX","M","2021-04",99.58932,
"NZL","CCI","AMPLITUD","LTRENDIDX","M","2021-05",99.63109,
"NZL","CCI","AMPLITUD","LTRENDIDX","M","2021-06",99.62737,
"NZL","CCI","AMPLITUD","LTRENDIDX","M","2021-07",99.53001,
"NZL","CCI","AMPLITUD","LTRENDIDX","M","2021-08",99.37657,
"NZL","CCI","AMPLITUD","LTRENDIDX","M","2021-09",99.20954,
"NZL","CCI","AMPLITUD","LTRENDIDX","M","2021-10",99.05167,
"NZL","CCI","AMPLITUD","LTRENDIDX","M","2021-11",98.89491,
"NZL","CCI","AMPLITUD","LTRENDIDX","M","2021-12",98.71246,
"NZL","CCI","AMPLITUD","LTRENDIDX","M","2022-01",98.46989,
"NZL","CCI","AMPLITUD","LTRENDIDX","M","2022-02",98.16176,
"NZL","CCI","AMPLITUD","LTRENDIDX","M","2022-03",97.77088,
"NZL","CCI","AMPLITUD","LTRENDIDX","M","2022-04",97.29305,
"NZL","CCI","AMPLITUD","LTRENDIDX","M","2022-05",96.84451,
"NZL","CCI","AMPLITUD","LTRENDIDX","M","2022-06",96.59737,
"NZL","CCI","AMPLITUD","LTRENDIDX","M","2022-07",96.68565,
"NZL","CCI","AMPLITUD","LTRENDIDX","M","2022-08",96.90993,
"NZL","CCI","AMPLITUD","LTRENDIDX","M","2022-09",97.00938,
"NZL","CCI","AMPLITUD","LTRENDIDX","M","2022-10",96.79779,
"NZL","CCI","AMPLITUD","LTRENDIDX","M","2022-11",96.42442,
"NZL","CCI","AMPLITUD","LTRENDIDX","M","2022-12",96.09976,
"NZL","CCI","AMPLITUD","LTRENDIDX","M","2023-01",95.98315,
"NZL","CCI","AMPLITUD","LTRENDIDX","M","2023-02",96.0216,
"NZL","CCI","AMPLITUD","LTRENDIDX","M","2023-03",96.15147,
"NZL","CCI","AMPLITUD","LTRENDIDX","M","2023-04",96.34497,
"NZL","CCI","AMPLITUD","LTRENDIDX","M","2023-05",96.56537,
"NZL","CCI","AMPLITUD","LTRENDIDX","M","2023-06",96.79205,
